{
  "moduleNameMapper": {
    "@/(.*)": "<rootDir>/src/$1",
    "@tests/(.*)": "<rootDir>/tests/$1",
    "@tests/unit/(.*)": "<rootDir>/tests/unit/$1"
  },
  "modulePaths": ["node_modules"],
  "modulePathIgnorePatterns": [
    "dist",
    "src/main",
    "src/application/controller"
  ],
  "collectCoverageFrom": ["src/**/*.ts"],
  "resetMocks": true,
  "clearMocks": true,
  "testEnvironment": "node",
  "testMatch": ["**/*.spec.ts"],
  "preset": "ts-jest",
  "transform": {
    "\\.ts$": ["ts-jest"]
  },
  "roots": ["<rootDir>/tests/unit", "<rootDir>/src"],
  "coveragePathIgnorePatterns": ["dist", "node_modules"],
  "setupFiles": ["./jest.setEnvVars.js"]
}
